,lexical,lexical,lexical,lexical+anchors,lexical+anchors,lexical+anchors,nli,nli,nli
,precision,recall,f1,precision,recall,f1,precision,recall,f1
threshold,,,,,,,,,
0.0000,0.0000,0.0000,0.0000,0.0000,0.0000,0.0000,0.0000,0.0000,0.0000
0.0100,1.0000,0.1176,0.2105,1.0000,0.1176,0.2105,0.4881,0.8039,0.6074
0.0200,1.0000,0.1373,0.2414,1.0000,0.1373,0.2414,0.4554,0.9020,0.6053
0.0300,1.0000,0.1569,0.2712,1.0000,0.1569,0.2712,0.4404,0.9412,0.6000
0.0400,1.0000,0.1765,0.3000,1.0000,0.2157,0.3548,0.4286,0.9412,0.5890
0.0500,1.0000,0.2157,0.3548,1.0000,0.2353,0.3810,0.4248,0.9412,0.5854
0.0600,1.0000,0.2549,0.4062,0.9333,0.2745,0.4242,0.4248,0.9412,0.5854
0.0700,1.0000,0.2941,0.4545,0.9375,0.2941,0.4478,0.4248,0.9412,0.5854
0.0800,0.9444,0.3333,0.4928,0.9474,0.3529,0.5143,0.4211,0.9412,0.5818
0.0900,0.9545,0.4118,0.5753,0.9200,0.4510,0.6053,0.4211,0.9412,0.5818
0.1000,0.9565,0.4314,0.5946,0.9200,0.4510,0.6053,0.4211,0.9412,0.5818
0.1100,0.9231,0.4706,0.6234,0.9259,0.4902,0.6410,0.4188,0.9608,0.5833
0.1200,0.8929,0.4902,0.6329,0.9032,0.5490,0.6829,0.4188,0.9608,0.5833
0.1300,0.9091,0.5882,0.7143,0.9167,0.6471,0.7586,0.4188,0.9608,0.5833
0.1400,0.9118,0.6078,0.7294,0.9167,0.6471,0.7586,0.4188,0.9608,0.5833
0.1500,0.9118,0.6078,0.7294,0.9167,0.6471,0.7586,0.4188,0.9608,0.5833
0.1600,0.8684,0.6471,0.7416,0.8684,0.6471,0.7416,0.4153,0.9608,0.5799
0.1700,0.8684,0.6471,0.7416,0.8718,0.6667,0.7556,0.4118,0.9608,0.5765
0.1800,0.8718,0.6667,0.7556,0.8750,0.6863,0.7692,0.4050,0.9608,0.5698
0.1900,0.8605,0.7255,0.7872,0.8667,0.7647,0.8125,0.4016,0.9608,0.5665
0.2000,0.8333,0.7843,0.8081,0.8367,0.8039,0.8200,0.4016,0.9608,0.5665
0.2100,0.8163,0.7843,0.8000,0.8200,0.8039,0.8119,0.4016,0.9608,0.5665
0.2200,0.8269,0.8431,0.8350,0.8269,0.8431,0.8350,0.3984,0.9608,0.5632
0.2300,0.7963,0.8431,0.8190,0.7963,0.8431,0.8190,0.4000,0.9804,0.5682
0.2400,0.8000,0.8627,0.8302,0.8000,0.8627,0.8302,0.4000,0.9804,0.5682
0.2500,0.7627,0.8824,0.8182,0.7500,0.8824,0.8108,0.4000,0.9804,0.5682
0.2600,0.7500,0.8824,0.8108,0.7258,0.8824,0.7965,0.4000,0.9804,0.5682
0.2700,0.7143,0.8824,0.7895,0.6923,0.8824,0.7759,0.4000,0.9804,0.5682
0.2800,0.6923,0.8824,0.7759,0.6618,0.8824,0.7563,0.4048,1.0000,0.5763
0.2900,0.6765,0.9020,0.7731,0.6479,0.9020,0.7541,0.4048,1.0000,0.5763
0.3000,0.6389,0.9020,0.7480,0.6053,0.9020,0.7244,0.4048,1.0000,0.5763
0.3100,0.6267,0.9216,0.7460,0.5949,0.9216,0.7231,0.4048,1.0000,0.5763
0.3200,0.6234,0.9412,0.7500,0.6000,0.9412,0.7328,0.4048,1.0000,0.5763
0.3300,0.5854,0.9412,0.7218,0.5647,0.9412,0.7059,0.4048,1.0000,0.5763
0.3400,0.5647,0.9412,0.7059,0.5455,0.9412,0.6906,0.4048,1.0000,0.5763
0.3500,0.5506,0.9608,0.7000,0.5326,0.9608,0.6853,0.4016,1.0000,0.5730
0.3600,0.5269,0.9608,0.6806,0.5104,0.9608,0.6667,0.3984,1.0000,0.5698
0.3700,0.5155,0.9804,0.6757,0.5000,0.9804,0.6623,0.3984,1.0000,0.5698
0.3800,0.5000,0.9804,0.6623,0.4902,0.9804,0.6536,0.3984,1.0000,0.5698
0.3900,0.4854,0.9804,0.6494,0.4808,0.9804,0.6452,0.3984,1.0000,0.5698
0.4000,0.4762,0.9804,0.6410,0.4717,0.9804,0.6369,0.3984,1.0000,0.5698
0.4100,0.4673,0.9804,0.6329,0.4630,0.9804,0.6289,0.3984,1.0000,0.5698
0.4200,0.4505,0.9804,0.6173,0.4464,0.9804,0.6135,0.3984,1.0000,0.5698
0.4300,0.4425,0.9804,0.6098,0.4348,0.9804,0.6024,0.3984,1.0000,0.5698
0.4400,0.4386,0.9804,0.6061,0.4310,0.9804,0.5988,0.3984,1.0000,0.5698
0.4500,0.4274,0.9804,0.5952,0.4237,0.9804,0.5917,0.3893,1.0000,0.5604
0.4600,0.4202,0.9804,0.5882,0.4167,0.9804,0.5848,0.3893,1.0000,0.5604
0.4700,0.4032,0.9804,0.5714,0.4032,0.9804,0.5714,0.3893,1.0000,0.5604
0.4800,0.4000,0.9804,0.5682,0.4000,0.9804,0.5682,0.3893,1.0000,0.5604
0.4900,0.3968,0.9804,0.5650,0.3968,0.9804,0.5650,0.3864,1.0000,0.5574
0.5000,0.3984,1.0000,0.5698,0.3984,1.0000,0.5698,0.3864,1.0000,0.5574
0.5100,0.3953,1.0000,0.5667,0.3953,1.0000,0.5667,0.3864,1.0000,0.5574
0.5200,0.3835,1.0000,0.5543,0.3806,1.0000,0.5514,0.3864,1.0000,0.5574
0.5300,0.3835,1.0000,0.5543,0.3806,1.0000,0.5514,0.3864,1.0000,0.5574
0.5400,0.3806,1.0000,0.5514,0.3778,1.0000,0.5484,0.3864,1.0000,0.5574
0.5500,0.3750,1.0000,0.5455,0.3723,1.0000,0.5426,0.3864,1.0000,0.5574
0.5600,0.3643,1.0000,0.5340,0.3617,1.0000,0.5312,0.3864,1.0000,0.5574
0.5700,0.3643,1.0000,0.5340,0.3617,1.0000,0.5312,0.3864,1.0000,0.5574
0.5800,0.3617,1.0000,0.5312,0.3617,1.0000,0.5312,0.3864,1.0000,0.5574
0.5900,0.3566,1.0000,0.5258,0.3566,1.0000,0.5258,0.3835,1.0000,0.5543
0.6000,0.3542,1.0000,0.5231,0.3542,1.0000,0.5231,0.3835,1.0000,0.5543
0.6100,0.3517,1.0000,0.5204,0.3517,1.0000,0.5204,0.3835,1.0000,0.5543
0.6200,0.3493,1.0000,0.5178,0.3493,1.0000,0.5178,0.3835,1.0000,0.5543
0.6300,0.3469,1.0000,0.5152,0.3469,1.0000,0.5152,0.3806,1.0000,0.5514
0.6400,0.3469,1.0000,0.5152,0.3469,1.0000,0.5152,0.3806,1.0000,0.5514
0.6500,0.3469,1.0000,0.5152,0.3469,1.0000,0.5152,0.3806,1.0000,0.5514
0.6600,0.3469,1.0000,0.5152,0.3469,1.0000,0.5152,0.3778,1.0000,0.5484
0.6700,0.3446,1.0000,0.5126,0.3446,1.0000,0.5126,0.3778,1.0000,0.5484
0.6800,0.3446,1.0000,0.5126,0.3446,1.0000,0.5126,0.3778,1.0000,0.5484
0.6900,0.3446,1.0000,0.5126,0.3446,1.0000,0.5126,0.3778,1.0000,0.5484
0.7000,0.3446,1.0000,0.5126,0.3446,1.0000,0.5126,0.3778,1.0000,0.5484
0.7100,0.3446,1.0000,0.5126,0.3446,1.0000,0.5126,0.3778,1.0000,0.5484
0.7200,0.3446,1.0000,0.5126,0.3446,1.0000,0.5126,0.3778,1.0000,0.5484
0.7300,0.3446,1.0000,0.5126,0.3446,1.0000,0.5126,0.3750,1.0000,0.5455
0.7400,0.3446,1.0000,0.5126,0.3446,1.0000,0.5126,0.3750,1.0000,0.5455
0.7500,0.3423,1.0000,0.5100,0.3423,1.0000,0.5100,0.3750,1.0000,0.5455
0.7600,0.3400,1.0000,0.5075,0.3400,1.0000,0.5075,0.3723,1.0000,0.5426
0.7700,0.3377,1.0000,0.5050,0.3377,1.0000,0.5050,0.3723,1.0000,0.5426
0.7800,0.3377,1.0000,0.5050,0.3377,1.0000,0.5050,0.3723,1.0000,0.5426
0.7900,0.3377,1.0000,0.5050,0.3377,1.0000,0.5050,0.3723,1.0000,0.5426
0.8000,0.3355,1.0000,0.5025,0.3355,1.0000,0.5025,0.3723,1.0000,0.5426
0.8100,0.3355,1.0000,0.5025,0.3355,1.0000,0.5025,0.3723,1.0000,0.5426
0.8200,0.3355,1.0000,0.5025,0.3355,1.0000,0.5025,0.3723,1.0000,0.5426
0.8300,0.3355,1.0000,0.5025,0.3355,1.0000,0.5025,0.3723,1.0000,0.5426
0.8400,0.3355,1.0000,0.5025,0.3355,1.0000,0.5025,0.3723,1.0000,0.5426
0.8500,0.3355,1.0000,0.5025,0.3355,1.0000,0.5025,0.3723,1.0000,0.5426
0.8600,0.3355,1.0000,0.5025,0.3355,1.0000,0.5025,0.3696,1.0000,0.5397
0.8700,0.3355,1.0000,0.5025,0.3355,1.0000,0.5025,0.3669,1.0000,0.5368
0.8800,0.3355,1.0000,0.5025,0.3355,1.0000,0.5025,0.3669,1.0000,0.5368
0.8900,0.3355,1.0000,0.5025,0.3355,1.0000,0.5025,0.3669,1.0000,0.5368
0.9000,0.3355,1.0000,0.5025,0.3355,1.0000,0.5025,0.3669,1.0000,0.5368
0.9100,0.3355,1.0000,0.5025,0.3355,1.0000,0.5025,0.3669,1.0000,0.5368
0.9200,0.3355,1.0000,0.5025,0.3355,1.0000,0.5025,0.3669,1.0000,0.5368
0.9300,0.3355,1.0000,0.5025,0.3355,1.0000,0.5025,0.3643,1.0000,0.5340
0.9400,0.3355,1.0000,0.5025,0.3355,1.0000,0.5025,0.3617,1.0000,0.5312
0.9500,0.3355,1.0000,0.5025,0.3355,1.0000,0.5025,0.3617,1.0000,0.5312
0.9600,0.3355,1.0000,0.5025,0.3355,1.0000,0.5025,0.3592,1.0000,0.5285
0.9700,0.3355,1.0000,0.5025,0.3355,1.0000,0.5025,0.3566,1.0000,0.5258
0.9800,0.3355,1.0000,0.5025,0.3355,1.0000,0.5025,0.3517,1.0000,0.5204
0.9900,0.3355,1.0000,0.5025,0.3355,1.0000,0.5025,0.3446,1.0000,0.5126
1.0000,0.3355,1.0000,0.5025,0.3355,1.0000,0.5025,0.3355,1.0000,0.5025
