qid,question,sentence_no,sentence,cited,cited_chunk,citeguard_status,support,final,human_label
56,Can a entrepreneur hire a self-employed business owner?,1,"An entrepreneur can engage a self‑employed business owner as a contractor, since self‑employed individuals are able to contract out their services to others while maintaining their own company.",5,"Yes. I can by all means start my own company and name myself CEO. If Bill Gates wanted to hire me, I'll take the offer and still be CEO of my own company. Now, whether or not my company makes money and survives is another question.  This is the basis of self-employed individuals who contract out their services.",SUPPORTED,0.3058,5,
56,Can a entrepreneur hire a self-employed business owner?,2,"The self‑employed is described as someone who essentially owns a job and can be hired by another firm, distinct from a business owner who runs a separate enterprise.",3,"""I appreciate your taking the time to shoot some holes in this oft repeated statistic.  However, I do disagree on some points.  &gt; Nor is there anything wrong with the person then ENDING that """"business"""" and moving on... to another (different name, different field) business... or taking a job with some company  There may not be anything shameful about doing that, but that scenario is, indeed, a business failure.  People do not shutter a profitable (successful) business and then go to work for someone else.  I believe a key contributor to the confusion is talking about the self-employed and business owners in the same breath.  Someone who's self-employed basically owns a job.  His income will always be directly proportional to the amount of time spent working and the company does not exist apart from himself.    A business owner, on the other hand, has processes/equipment/staff/IP in place that generates income whether or not she gets out of bed in the morning.  These are different people with different goals and cannot be lumped into the same demographic block.""",SUPPORTED,0.2583,3,
588,Is there a reason to buy a 0% yield bond?,1,"Investors may buy a 0% yield bond because they value the certainty of receiving the full principal back on a known date, even though the bond provides no positive return.",2,"""All of the other answers here are accurate, but (I think) are missing the point as to the question, which rests on how Bonds work in the first place. The bond specifies a payback AMOUNT and DATE. Let's say it is $10,000 and one year from today. If you buy that today for $9900, your yield will be 1%. If you buy it today for $11,000, your yield will be less than 0% (please don't make me do the math - it's just under negative 1%). You might be willing to pay that 1% (rather than receive 1%) for the certainty that you will definitely get your money back. The combined actions of all the people who may be willing to pay a little more or a little less for the safety of a US Treasury Bond is what people call """"the Market.""""  Market forces (generally, investor confidence) will drive the price up and down, which affects the yield. All the other stuff - coupons and inflation and whatnot - all of that only makes sense if you understand that you aren't buying a rate of return, you are buying a payback amount and date.""",SUPPORTED,0.3964,2,
588,Is there a reason to buy a 0% yield bond?,2,"Even with no yield, the security of a government‑backed bond can be worth the small “cost” of holding cash that otherwise incurs storage and security expenses, making it attractive for risk‑averse investors.",4,"""Negative Yields on Bonds is opposite of Getting profit on your investment. This is some kind of new practice from world wide financial institute.  the interest rate is -0.05% for ten years. So a $100,000 bond under   those terms would be """"discounted"""" to $100,501, give or take. No, actually what you are going to get out from this investment is after 10 years when this investment is mature for liquidation, you will get return not even your principle $100,000 , but ( (Principle $100,000) minus (Negative Yields @ -0.05) Times ( 10 Years ) ) assume the rates are on simple annual rate.  Now anyone may wander why should someone going to buy this kind of investment where I am actually giving away not only possible profit also losing some of principle amount!  This might looks real odd, but there is other valid reason for issuing / investing on such kind of bond.  From investor prospective: Every asset has its own 'expense' for keeping ownership of it. This is also true for money/currency depending on its size. And other investment possibility and risk factor. The same way people maintain checking account with virtually no visible income vs. Savings account where bank issue some positive rate of interest with various time factor like annually/half-yearly/monthly. People with lower level of income but steady on flow choose savings where business personals go for checking one. Think of Millions of Ideal money with no secure investment opportunity have to option in real. Option one to keeping this large amount of money in hand, arranging all kind of security which involve extra expense, risk and headache where Option two is invest on bond issued by Government of country. Owner of that amount will go for second one even with negative yields on bonds where he is paying in return of security and risk free grantee of getting it back on time.  On Issuing Government prospective: Here government actually want people not to keep money idle investing bonds, but find any possible sector to invest which might profitable for both Investor + Grater Community ultimately country.  This is a basic understanding on issue/buy/selling of Negative interest bearing bond on market.   Hope I could explain it here. Not to mention, English is not my 1st language at all. So ignore my typo, grammatical error and welcome to fix it.  Cheers!""",SUPPORTED,0.2217,4,
588,Is there a reason to buy a 0% yield bond?,3,"If market participants expect overall yields to move further negative, the price of a zero‑yield bond could rise, allowing the holder to sell later at a profit despite the current zero return.",1,"There is another reason why an investor might buy negative yielding bonds: if the investor expects that bond yields will go even further negative, then they are also expecting the price of the bond to go up. They can resell the bond later at a profit. As an example, they may expect an increase in central bank bond purchases to drive yields lower and prices higher.",SUPPORTED,0.388,1,
588,Is there a reason to buy a 0% yield bond?,4,The fact that a large portion of the world’s bond market now contains negative‑yielding securities demonstrates that investors do find rational reasons to hold bonds that offer no positive yield.,3,Yes those are really yields. A large portion of the world has negative yielding bonds in fact. This process has been in motion for the past 10 years for very specific reasons. So congratulations on discovering the bond market.,SUPPORTED,0.4538,3,
603,Will one’s education loan application be rejected if one doesn't have a payslip providing collateral?,1,"Education loans are treated as standard loans that often require the item being financed as collateral, and lenders usually ask for documentation such as a payslip to verify repayment ability.",1,"How you answer is actually dependent on when they ask. If it is early in the process the question/answer is to determine the type of loan you are looking for: Auto loan, home loan, home improvement loans, education loans; all have products that are geared to those uses. In many cases they will use the item you are purchasing as collateral for the loan. In return for this they will offer you a low interest rate, because they know they can protect their money be repossessing the collateral.  For these standard loans they will ask for more specifics before they give a check for the money because they need to know exactly what you are spending the money on, and they will need to file legal paperwork to protect their money. If it isn't one of those standard loans then you are looking at a loan that is only backed by your signature. That loan could have a high interest rate. They are asking as part of the process of assessing their risk. Unless you are putting a lie on a form, I am not sure being untruthful puts you in jeopardy.  In some cases they don't care. People get lines of credit without knowing exactly what they are going to spend the money on.",SUPPORTED,0.2409,1,
603,Will one’s education loan application be rejected if one doesn't have a payslip providing collateral?,2,"If a borrower cannot provide the required collateral or proof of income, the bank may consider the applicant ineligible and reject the loan.",2,A bank can reject a loan if they feel you do not meet the eligibility criteria.  You can talk to few banks and find out.,SUPPORTED,0.2365,2,
603,Will one’s education loan application be rejected if one doesn't have a payslip providing collateral?,3,"Consequently, not having a payslip that can serve as collateral can result in the education loan application being denied.",1,"How you answer is actually dependent on when they ask. If it is early in the process the question/answer is to determine the type of loan you are looking for: Auto loan, home loan, home improvement loans, education loans; all have products that are geared to those uses. In many cases they will use the item you are purchasing as collateral for the loan. In return for this they will offer you a low interest rate, because they know they can protect their money be repossessing the collateral.  For these standard loans they will ask for more specifics before they give a check for the money because they need to know exactly what you are spending the money on, and they will need to file legal paperwork to protect their money. If it isn't one of those standard loans then you are looking at a loan that is only backed by your signature. That loan could have a high interest rate. They are asking as part of the process of assessing their risk. Unless you are putting a lie on a form, I am not sure being untruthful puts you in jeopardy.  In some cases they don't care. People get lines of credit without knowing exactly what they are going to spend the money on.",SUPPORTED,0.1895,1,
622,"Accidentally opened a year term CD account, then realized I need the money sooner. What to do?",1,"If you withdraw the CD before its one‑year maturity, you will incur an early‑withdrawal penalty, such as the three‑month penalty described for early pulls.",1,"For the specific example you gave, a CD with a 0.05% rate of return, I'd shop around some more, that's a VERY low rate of return. A more realistic one would be 0.5%, depending on the terms. As has been mentioned, CDs are good when you need to preserve your capital. What might be a situation for that? They are great for Emergency funds, which you should always have a reasonable amount of cash in. I have a set up 3 CDs with 12 month terms, each carrying about 30% of my emergency savings. The remaining 10% I keep in a standard savings account, for quick access dealing with a short term emergency. The 3 are spaced about 4 months apart, so that I'm always within 4 months of having one come to term. They have a 3 month penalty if I withdraw early, but based on the fact that I have never had to touch more than 10% of my emergency savings, I'm perfectly okay with that. What about more long term savings? Well, it depends on what your timeframe is for using the money. If it's more than 10 years, and you are willing to risk losing some of it, then by all means invest in a higher risk higher reward investment. If it's only a few years, maybe a bond fund is something that would be better. And if you really need to preserve the money, then a CD can be great too.",SUPPORTED,0.3297,1,
622,"Accidentally opened a year term CD account, then realized I need the money sooner. What to do?",2,"Because of that penalty, it may be better to move the funds to a liquid savings account, which offers a comparable rate without the access restriction.",2,"The answers provided already pretty much answer the differences and trade-offs, and I'd agree with recommending an online savings account like ING because the rate is just about the same as most CDs you'll find right now.  It's really a matter of when the CD rate is higher, and you can accept not accessing the money, then the CD is a better value, otherwise go with the savings account. However, here is an interesting option with CDs that helps with not being able to access the money: a CD ladder.  Basically, you get a CD every 3 months (or some other acceptable time frame), starting with 3, 6, 9, and 12-month CDs.  When the time is up for each of them, take that money and put it back into a new yearly CD.  Eventually you will get to the point when you have all of the CDs long-term, but you'll get some of the money every 3 months.  If you need the money, you'll have the option to use it, but you can always just keep it going, too.  The exact timing you use depends on your situation, but it's a great way to help get around not being able to access the money for a year or more.",SUPPORTED,0.1944,2,
622,"Accidentally opened a year term CD account, then realized I need the money sooner. What to do?",3,"For future deposits, consider using a CD ladder, which staggers maturities every few months so you have periodic access to portions of your money.",2,"The answers provided already pretty much answer the differences and trade-offs, and I'd agree with recommending an online savings account like ING because the rate is just about the same as most CDs you'll find right now.  It's really a matter of when the CD rate is higher, and you can accept not accessing the money, then the CD is a better value, otherwise go with the savings account. However, here is an interesting option with CDs that helps with not being able to access the money: a CD ladder.  Basically, you get a CD every 3 months (or some other acceptable time frame), starting with 3, 6, 9, and 12-month CDs.  When the time is up for each of them, take that money and put it back into a new yearly CD.  Eventually you will get to the point when you have all of the CDs long-term, but you'll get some of the money every 3 months.  If you need the money, you'll have the option to use it, but you can always just keep it going, too.  The exact timing you use depends on your situation, but it's a great way to help get around not being able to access the money for a year or more.",SUPPORTED,0.3571,2,
622,"Accidentally opened a year term CD account, then realized I need the money sooner. What to do?",4,"If you anticipate needing the money soon, keep that portion in a standard savings account rather than locking it in a CD, as the savings account provides immediate access.",4,"A CD will give you a higher rate of return.  The tradeoff is you cannot access your money until the CD matures. If you need the ability to get your money, you should choose a savings account.  If you won't use your money for awhile, choose a CD. Right now interest rates are so abysmal, you aren't going to get much return with either (so I would recommend against locking up your money in a CD).",SUPPORTED,0.3634,4,
672,Credit and Debit,1,"In double‑entry bookkeeping every transaction is recorded as a debit to one account and a credit to another, with the total debits equaling the total credits.",1,"""The terms debit and credit come from double-entry book-keeping. In this system, every transaction is applied against two accounts: it debits one and credits the other by equal amounts. (Or more technically, it affects two or more accounts, and the total of the credits equals the total of the debits.) Whether a debit or a credit adds or subtracts from the balance depends on the type of account. The types of accounts were defined so that it is always possible to have these matching debits and credits. Assets, like cash or property that you own, are """"debit accounts"""", that is, a debit is an increase in the balance of the account. Liabilities, like money you owe, are """"credit accounts"""", that is, a credit is an increase. To get into all the details would require giving a tutorial on double-entry book-keeping, which I think is beyond the scope of a forum post. By a quick Bing search I find this one: http://simplestudies.com/double-entry-accounting-system.html. I haven't gone through it so I can't say if it's a particularly good tutorial. There are plenty of others on the Web and in bookstores. Note that the terminology can be backwards when someone you're doing business with is describing the account, because their viewpoint may be the opposite of yours. For example, to me, my credit card is a liability: I owe the bank money. So when I post a charge, that's a credit, and when I pay it off, that's a debit. But to the bank, my account is an asset: the customer (me) owes them money. So to the bank, a charge is a debit and a payment is a credit.""",SUPPORTED,0.446,1,
672,Credit and Debit,2,"The terms debit and credit describe the operation performed on an account, not the type of account itself, so the same account can be debited at one time and credited at another.",2,"""I'm not sure if this is your point of confusion, but when an account is said to be debited (or credited), the words """"debited"""" or """"credited"""" are not referring to a type of account (such as """"checking"""").  They are referring to an operation that is performed on an account.  The same account can be credited at one time and debited at another time.""",SUPPORTED,0.7137,2,
672,Credit and Debit,3,"Assets are debit accounts, meaning a debit increases an asset balance, while liabilities are credit accounts, meaning a credit increases a liability balance.",1,"""The terms debit and credit come from double-entry book-keeping. In this system, every transaction is applied against two accounts: it debits one and credits the other by equal amounts. (Or more technically, it affects two or more accounts, and the total of the credits equals the total of the debits.) Whether a debit or a credit adds or subtracts from the balance depends on the type of account. The types of accounts were defined so that it is always possible to have these matching debits and credits. Assets, like cash or property that you own, are """"debit accounts"""", that is, a debit is an increase in the balance of the account. Liabilities, like money you owe, are """"credit accounts"""", that is, a credit is an increase. To get into all the details would require giving a tutorial on double-entry book-keeping, which I think is beyond the scope of a forum post. By a quick Bing search I find this one: http://simplestudies.com/double-entry-accounting-system.html. I haven't gone through it so I can't say if it's a particularly good tutorial. There are plenty of others on the Web and in bookstores. Note that the terminology can be backwards when someone you're doing business with is describing the account, because their viewpoint may be the opposite of yours. For example, to me, my credit card is a liability: I owe the bank money. So when I post a charge, that's a credit, and when I pay it off, that's a debit. But to the bank, my account is an asset: the customer (me) owes them money. So to the bank, a charge is a debit and a payment is a credit.""",SUPPORTED,0.4688,1,
672,Credit and Debit,4,"When an account’s balance is positive it is said to be “in credit”, and when it shows a net amount owed it is “in debit” according to standard dictionary definitions.",4,"""Dictionary clarifies http://www.oxforddictionaries.com/definition/english/be-in-credit Definition of be in credit:   (Of an account) have money in it:   """"your statement shows your account to be in credit"""" And http://www.oxforddictionaries.com/definition/english/be-in-debit?q=in+debit Definition of be in debit:   (Of an account) show a net balance of money owed to others: """"the account is only 120 francs in debit""""  The word 'debit' contains the letters 'debt' if it helps remember. I agree the website is confusing.""",SUPPORTED,0.4897,4,
766,Will the ex-homeowner still owe money after a foreclosure?,1,The borrower remains liable for the full amount of the loan even after the property is foreclosed and sold.,2,"Yes, the borrower is responsible for paying back the full amount of the loan. Foreclosure gives the bank possession of the property, which they can (and do) sell. Any shortfall is still the borrower's responsibility. But, no, the bank can't sell the property for a dollar; they have to make a reasonable effort. Usually the sale is done through a sheriff's sale, that is, a more or less carefully supervised auction. Bankruptcy will wipe out the shortfall, and most other debts, but the downside is that most of the rest of your assets will also be sold to help pay off what you owe. Details of what you can keep vary from state to state. If you want to go this route, hire a lawyer.",SUPPORTED,0.299,2,
766,Will the ex-homeowner still owe money after a foreclosure?,2,"If the foreclosure sale does not cover the outstanding principal, interest, and fees, the remaining deficiency is still the ex‑homeowner’s responsibility.",5,"The home owner does not start foreclosure, the bank decides when to foreclose.  Therefore you cannot really decide a time to foreclose if you are trying to time the decision. The process You miss payments, and the banks will send you a late notice for the missing payments.  Expect many notices. The bank will call you at home, on your cell phone and at work.  They will mail you letters regarding the missing payments. If you continue to miss payments, the bank will probably demand the loan be paid in full.  You will owe the bank the full balance of the principle, all past due interest, all past due late charges and junk fees.  The bank won't even take a normal monthly payment from you should you try to pay your regular payment again. Some law enforcement will notify you on the bank's intent to foreclose.  The bank has begun legal proceedings. Legal notices are published in the local newspaper. Soon the notices and the legal waiting period will expire.  Court proceedings happen.  The court will then allow the bank to foreclose. Notices to into the paper again about the updated status of the foreclosure. The house is sold at auction. Money from the auction is used to pay taxes owned, then mortgages, then other liens or creditors who file. Further debt for the home owner Taxes When sold, if the mortgage debt exceeds the home's fair market value, US Federal Tax rules say the selling price as the fair market value. The fair market value can still be higher than the tax basis (which I think is the value of the house at the time of original purchase plus improvements.).   If the fair market value is higher, you will own taxes on sale.  However tax rules in the US say if you have owned the home more than two years and make less than $250,000 in the transaction ($500,000 if married) you will not owe any tax.  State taxes can be different. Additionally, if the mortgage lender forgives the debt and doesn't create a deficiency, that income is taxable as well.  This is more an more common these days.  There are exceptions if the home is your primary residence. This whole process an take several months to occur, but depends on where you live.  If you continue to live in the home after the auction, the new owner must evict you from the property which is another set of legal proceedings. Your credit and ability to buy are home will be damaged for the next several years. I am not so sure on how PMI works for the banks, but I know they are getting some money back.",SUPPORTED,0.2355,5,
766,Will the ex-homeowner still owe money after a foreclosure?,3,"Only a bankruptcy filing can potentially eliminate that deficiency, but otherwise the debt persists.",2,"Yes, the borrower is responsible for paying back the full amount of the loan. Foreclosure gives the bank possession of the property, which they can (and do) sell. Any shortfall is still the borrower's responsibility. But, no, the bank can't sell the property for a dollar; they have to make a reasonable effort. Usually the sale is done through a sheriff's sale, that is, a more or less carefully supervised auction. Bankruptcy will wipe out the shortfall, and most other debts, but the downside is that most of the rest of your assets will also be sold to help pay off what you owe. Details of what you can keep vary from state to state. If you want to go this route, hire a lawyer.",REATTRIBUTED,0.122,5,
766,Will the ex-homeowner still owe money after a foreclosure?,4,"In some cases a lender may choose to forgive the deficiency, which would then be treated as taxable income.",5,"The home owner does not start foreclosure, the bank decides when to foreclose.  Therefore you cannot really decide a time to foreclose if you are trying to time the decision. The process You miss payments, and the banks will send you a late notice for the missing payments.  Expect many notices. The bank will call you at home, on your cell phone and at work.  They will mail you letters regarding the missing payments. If you continue to miss payments, the bank will probably demand the loan be paid in full.  You will owe the bank the full balance of the principle, all past due interest, all past due late charges and junk fees.  The bank won't even take a normal monthly payment from you should you try to pay your regular payment again. Some law enforcement will notify you on the bank's intent to foreclose.  The bank has begun legal proceedings. Legal notices are published in the local newspaper. Soon the notices and the legal waiting period will expire.  Court proceedings happen.  The court will then allow the bank to foreclose. Notices to into the paper again about the updated status of the foreclosure. The house is sold at auction. Money from the auction is used to pay taxes owned, then mortgages, then other liens or creditors who file. Further debt for the home owner Taxes When sold, if the mortgage debt exceeds the home's fair market value, US Federal Tax rules say the selling price as the fair market value. The fair market value can still be higher than the tax basis (which I think is the value of the house at the time of original purchase plus improvements.).   If the fair market value is higher, you will own taxes on sale.  However tax rules in the US say if you have owned the home more than two years and make less than $250,000 in the transaction ($500,000 if married) you will not owe any tax.  State taxes can be different. Additionally, if the mortgage lender forgives the debt and doesn't create a deficiency, that income is taxable as well.  This is more an more common these days.  There are exceptions if the home is your primary residence. This whole process an take several months to occur, but depends on where you live.  If you continue to live in the home after the auction, the new owner must evict you from the property which is another set of legal proceedings. Your credit and ability to buy are home will be damaged for the next several years. I am not so sure on how PMI works for the banks, but I know they are getting some money back.",SUPPORTED,0.2783,5,
810,Can I open a bank account in the US remotely? Will I pay taxes for the money on it?,1,Opening a US bank account without being physically present is difficult.,1,"Opening Bank Account in US without physically being present is difficult. I'm having number of clients in USA to pay for my work, but I’m really confused to get money from my clients to my saving bank account. You can get money via PayPal or if they are repeat customers, ask them to send via remittance services like Money2India or Remit2India etc.",SUPPORTED,0.5515,1,
810,Can I open a bank account in the US remotely? Will I pay taxes for the money on it?,2,Some banks do permit online account opening that can be managed remotely once set up.,5,"""I'm pretty sure that the banks here will only allow a joint account with either all citizens or all """"foreign resident"""" or tourists. You may be able to do something with Leumi since they have a US branch in NYC. What many people do (who are US citizens) is open a bank account either at a physical branch or online and then it can be managed all online. Make sure no monthly balance fees or atm fees etc. If you need to transfer money most banks will """"buy"""" a US check (I have done this with Leumi) or you can go to the ATM and pull out a few thousand shekel from the USA account and deposit it right back into the Israeli account.  My wife and I did this when we first arrived. Discount Bank seemed to have no fees for pulling money out and a good USD/ILS rate. Just make sure you don't have foreign transaction fees / high rates on the US account. If you need to deposit checks for him you can use the remote deposit feature and just take a picture. בהצלחה!""",SUPPORTED,0.3522,5,
810,Can I open a bank account in the US remotely? Will I pay taxes for the money on it?,3,"Your bank will focus on your tax status, and as a US tax resident you will need to open a US‑resident account and be subject to US tax rules.",2,"Your bank doesn't care about your immigration status, it cares about your tax status. You're a US tax resident and will open a US-resident account, not an international account (regardless of where the money comes from).",SUPPORTED,0.606,2,
810,Can I open a bank account in the US remotely? Will I pay taxes for the money on it?,4,"You will also be required to file US tax returns on the income in the account, and may face double taxation unless a treaty applies.",3,"First, yes, your LLC has to file annual taxes to the US government.  All US companies do, regardless of where their owners live.  Second, you will also probably be liable to personally file a return in the US and unless the US has a tax treaty with India (which I don't believe it does) you may end up paying taxes on your same income to both countries.  Finally, opening a US bank account as a foreign citizen can be very tricky. You need to talk to a US accountant who is familiar with Indian & US laws.",SUPPORTED,0.4253,3,
904,How do I set up Quickbooks for a small property rental company that holds its properties in separate LLC's?,1,"You should create a separate QuickBooks company file for each LLC that holds a property, treating each as its own entity in the system.",1,"""You need one """"company file"""" for each company that you want to track through QuickBooks.  Looks like, in your case, that is at least the PM and the PH (as you labeled them in your question).  The companies that just hold property and pay utilities might be simple enough that you don't need the full power of QB, in which case you might just track their finances on a spread sheet.  Subsidiary companies will probably appear as """"assets"""" of some sort on the books of the parent company. This set-up probably does limit liability at some level, but it's going to create a lot of overhead for your that incurs some expense either in your time or in actual fees paid.  You should really consider whether the limitations on liability balance against those costs. (Think ahead to what you're going to do when you have to file taxes on this network of companies, whether you need separate insurance policies for each instead of getting one policy covering multiple properties, etc.)""",SUPPORTED,0.3751,1,
904,How do I set up Quickbooks for a small property rental company that holds its properties in separate LLC's?,2,"Keep separate checking accounts, credit cards, and other finances for each LLC, opening them with the LLC’s EIN to preserve the legal protection of the entity.",3,"Recommend using quickbooks for account management. If you use the manufacturing and wholesale you can track POs from vendors, estimates, bill payment quotes and invoicing (there's an editor to customize your set up)Also, most accountants are very familiar with this platform so come tax time they'll be able to give you a hand no problem. For accepting payments I highly suggest asking for checks. If you do accept credit cards keep in mind most  payment processors charge a percent (1.5-3%) depending on transaction amounts and quantities of transactions. So you'll want to mark up your products by at least that amount.   Another area is sales tax. Since you are not the end user you should be able to avoid sales tax on the items you will be selling to customers. You then charge the customer this sales tax. Not sure about NJ but in Texas we are 8.25%. I then pay the state of Texas the taxes collected quarterly.   Edit: also make sure you have separate finances for the LLC. Separate checking, separate credit card, separate everything! If you end up using an account that is tied to you personally then you run into the risk of losing the protective nature of an LLC from a legal standpoint.   Edit2: by separate I mean using your IRS issued EIN number to open accounts with the LLC name. When you sign anything on behalf of the company make sure to add the name of the company next to it to show the company is making the signature not you. For instance   u/sexlessnights Company name, LLC",SUPPORTED,0.4522,3,
904,How do I set up Quickbooks for a small property rental company that holds its properties in separate LLC's?,3,"If you want the parent rental company to reflect ownership of the LLCs, record the subsidiary LLCs as assets on the parent’s books, but be aware this adds overhead and cost.",1,"""You need one """"company file"""" for each company that you want to track through QuickBooks.  Looks like, in your case, that is at least the PM and the PH (as you labeled them in your question).  The companies that just hold property and pay utilities might be simple enough that you don't need the full power of QB, in which case you might just track their finances on a spread sheet.  Subsidiary companies will probably appear as """"assets"""" of some sort on the books of the parent company. This set-up probably does limit liability at some level, but it's going to create a lot of overhead for your that incurs some expense either in your time or in actual fees paid.  You should really consider whether the limitations on liability balance against those costs. (Think ahead to what you're going to do when you have to file taxes on this network of companies, whether you need separate insurance policies for each instead of getting one policy covering multiple properties, etc.)""",SUPPORTED,0.3285,1,
904,How do I set up Quickbooks for a small property rental company that holds its properties in separate LLC's?,4,"Set up a distinct bank account for each LLC and pay yourself from that account based on hours or income, which helps keep expenses and income separate for tax purposes.",4,"I have a very similar situation doing side IT projects.  I set up an LLC for the business, created a separate bank account, and track things separately.  I then pay myself from the LLC bank account based on my hours for the consulting job.  (I keep a percentage in the LLC account to pay for expenses.)  I used to do my taxes myself, but when I created this arrangement, I started having an accountant do them.  An LLC will not affect your tax status, but it will protect you from liability and make things more accountable come tax time.",SUPPORTED,0.5546,4,
904,How do I set up Quickbooks for a small property rental company that holds its properties in separate LLC's?,5,Never mix personal and company assets and maintain proper records to maintain liability protection and any tax benefits.,5,"I am not a lawyer.  I do however own an LLC. It's setup as a partnership with 50/50 ownership.  You can do it as a sole proprietorship.    In basic terms, if you separate your money and assets from the money and assets of the company then you are personally immune from lawsuit and thus your personal assets are safe.  You have to set it up right (fairly cheap) and keep the records right (ie never mix personal and company assets ) but it provides a nice legal buffer and in some cases tax benefits.    Do not construe this as legal or accountanting advice.  Speak with pros to understand and get it set up right.  But it's worth it.",SUPPORTED,0.3477,5,
1090,Need a formula to determine monthly payments received at time t if I'm reinvesting my returns,1,"The monthly payment can be expressed with the standard loan‑payment formula M = P × [J / (1 − (1 + J)^‑N)], where P is the principal, J the monthly interest rate and N the number of months.",4,"From here The formula is M = P * ( J / (1 - (1 + J)^ -N)). M: monthly payment RESULT = 980.441... P: principal or amount of loan 63963 (71070 - 10% down * 71070) J: monthly interest; annual interest divided by 100, then divided by 12. .00275 (3.3% / 12) N: number of months of amortization, determined by length in years of loan. 72 months See this wikipedia page for the derivation of the formula",SUPPORTED,0.5394,4,
1090,Need a formula to determine monthly payments received at time t if I'm reinvesting my returns,2,"When returns are reinvested, the cash‑flow stream is treated as an annuity and the money‑weighted return equation is solved numerically to obtain the monthly rate, which is then converted to a nominal annual rate compounded monthly.",2,"You need to solve the money-weighted return equation.  It cannot be expressed as a formula for the interest, but it can be solved numerically as shown here. Using the OP's figures, with monthly withdrawals of $100,000. The summation for the withdrawals can be replaced with the standard annuity formula.  The resulting monthly return is converted to a nominal annual return compounded monthly. Money-weighted return equation with start and end balances s0 and s1  The interest is 2.63282 % per annum, nominal compounded monthly. Selectable equation",SUPPORTED,0.5185,2,
1090,Need a formula to determine monthly payments received at time t if I'm reinvesting my returns,3,"The required number of periods N can be determined with the NPER function or the derived formula for payments, as shown in the loan‑payment discussion.",3,"The formula for determining the number of payments (months) you'll need to make on your loan is:  where i=monthly interest rate (annual rate / 12), A=loan amount (principal), and P=monthly payment. To determine the total interest that you will pay, you can use the following formula:  where P=monthly payment, N=number of payments (from above formula), and A=loan amount (principal). A quick example: using the numbers in the screenshot above ($10,000 loan, $500 monthly payment, 10% APR), the number of payments ends up to be 21.97 (which means that payment number 22 is slightly less than the rest).  In the second formula, you take that number times your $500 payment and determine that you have paid $10,984.81 over the course of the entire loan period.  Subtracting the principal, you have paid $984.81 in total interest. On your spreadsheet, the function you are looking for is NPER: NPER(rate, payment_amount, present_value, [future_value, end_or_beginning]) rate - The interest rate. (This should be the monthly rate, or the annual rate divided by 12.) payment_amount - The amount of each payment made. (For a loan payment, this should be a negative number.) present_value - The current value of the annuity. (The initial principal of the loan) future_value - [ OPTIONAL ] - The future value remaining after the final payment has been made.  (This should be 0, the default if omitted.) end_or_beginning - [ OPTIONAL - 0 by default ] - Whether payments are due at the end (0) or beginning (1) of each period.",SUPPORTED,0.4665,3,
1090,Need a formula to determine monthly payments received at time t if I'm reinvesting my returns,4,The present value of the reinvested returns can be calculated in Excel using the PV function with the appropriate monthly rate and period count.,5,"If you are using an Excel, the Function PV should be able to easily calculate this. Excel Formulae PV = (Rate,Nper,Pmt,Fv,Type)   Where Rate: Rate of return. In this case you can use Inflation or assumed rate that would cost you. Say 3-5%. Note the Rate has to be for Nper. i.e. in Nper if you are counting yearly payments, then rate is yearly, if you are counting as monthly, then the rate should be monthly.   NPer: Number of periods. If yearly in your case it would be 20. If Monthly 20*12, if Quarterly 20*4 etc.   Pmt: Expected Payments for Nper. If you are saying 20 million over 20 years, it would be 1 million per year. Fv and Type can be blank So assuming a rate of 3%, and yearly payments of 1 million over 20 years. PV = $14,877,474.86 [It would show negative, just ignore the sign]",SUPPORTED,0.4454,5,
1090,Need a formula to determine monthly payments received at time t if I'm reinvesting my returns,5,Applying the solved rate to the annuity formula therefore yields the monthly payment received at any time t.,2,"You need to solve the money-weighted return equation.  It cannot be expressed as a formula for the interest, but it can be solved numerically as shown here. Using the OP's figures, with monthly withdrawals of $100,000. The summation for the withdrawals can be replaced with the standard annuity formula.  The resulting monthly return is converted to a nominal annual return compounded monthly. Money-weighted return equation with start and end balances s0 and s1  The interest is 2.63282 % per annum, nominal compounded monthly. Selectable equation",SUPPORTED,0.2994,2,
1198,What are the consequences of IRS “reclassification” on both employer and employee?,1,"If an employer incorrectly classifies a worker as an independent contractor, the IRS can reclassify the worker as an employee, making the employer liable for the employment taxes that were not paid.",3,"""Linkedlinked, You might want to seriously take another look at the links that Chris provided you.  Specifically the ones on the IRS website: http://www.irs.gov/businesses/small/article/0,,id=99921,00.html From the IRS website: Businesses must weigh all these   factors when determining whether a   worker is an employee or independent   contractor. Some factors may indicate   that the worker is an employee, while   other factors indicate that the worker   is an independent contractor. There is   no “magic” or set number of factors   that “makes” the worker an employee or   an independent contractor, and no one   factor stands alone in making this   determination. Also, factors which are   relevant in one situation may not be   relevant in another. The keys are to look at the entire   relationship, consider the degree or   extent of the right to direct and   control, and finally, to document each   of the factors used in coming up with   the determination. Perhaps more importantly... pay attention to what happens if you're WRONG: Consequences of Treating an Employee as an Independent Contractor If   you classify an employee as an   independent contractor and you have no   reasonable basis for doing so, you may   be held liable for employment taxes   for that worker (the relief   provisions, discussed below, will not   apply). See Internal Revenue Code   section 3509 for more information. I would STRONGLY recommend that you and your partners give your accountant a call and discuss the matter.  They will be able to help you make the right decision. One of biggest mistakes businesses make in this are is to classify their employees as independent contractors.  The IRS (who happens to be hungry for money right now) comes in and says, """"Nooooooooo... those are employees."""" ...and the COMPANY gets to pay the employment taxes.  I actually have person experience with this as I worked for a company this happened to.  Every contractor was re-classified as an employee except for two (myself and one other).  The key reason in that case was that none of the other contractors had any other clients. While I understand that you have other clients, I would still recommend talking to your accountant for an hour or so... just to be 100% sure. Sincerely, Andrew Smith TaxQueries.com""",SUPPORTED,0.4144,3,
1198,What are the consequences of IRS “reclassification” on both employer and employee?,2,The employer may also face penalties and lose any relief provisions that would have applied to a proper classification.,3,"""Linkedlinked, You might want to seriously take another look at the links that Chris provided you.  Specifically the ones on the IRS website: http://www.irs.gov/businesses/small/article/0,,id=99921,00.html From the IRS website: Businesses must weigh all these   factors when determining whether a   worker is an employee or independent   contractor. Some factors may indicate   that the worker is an employee, while   other factors indicate that the worker   is an independent contractor. There is   no “magic” or set number of factors   that “makes” the worker an employee or   an independent contractor, and no one   factor stands alone in making this   determination. Also, factors which are   relevant in one situation may not be   relevant in another. The keys are to look at the entire   relationship, consider the degree or   extent of the right to direct and   control, and finally, to document each   of the factors used in coming up with   the determination. Perhaps more importantly... pay attention to what happens if you're WRONG: Consequences of Treating an Employee as an Independent Contractor If   you classify an employee as an   independent contractor and you have no   reasonable basis for doing so, you may   be held liable for employment taxes   for that worker (the relief   provisions, discussed below, will not   apply). See Internal Revenue Code   section 3509 for more information. I would STRONGLY recommend that you and your partners give your accountant a call and discuss the matter.  They will be able to help you make the right decision. One of biggest mistakes businesses make in this are is to classify their employees as independent contractors.  The IRS (who happens to be hungry for money right now) comes in and says, """"Nooooooooo... those are employees."""" ...and the COMPANY gets to pay the employment taxes.  I actually have person experience with this as I worked for a company this happened to.  Every contractor was re-classified as an employee except for two (myself and one other).  The key reason in that case was that none of the other contractors had any other clients. While I understand that you have other clients, I would still recommend talking to your accountant for an hour or so... just to be 100% sure. Sincerely, Andrew Smith TaxQueries.com""",SUPPORTED,0.2489,3,
1198,What are the consequences of IRS “reclassification” on both employer and employee?,3,"For the employee, reclassification can mean that the employer must withhold and pay the employer’s share of FICA taxes, which the employee would otherwise have to cover themselves as a contractor.",4,"""I agree that you should have received both a 1099 and a W2 from your employer. They may be reluctant to do that because some people believe that could trigger an IRS audit. The reason is that independent contractor vs employee is supposed to be defined by your job function, not by your choice. If you were a contractor and then switched to be an employee without changing your job description, then the IRS could claim that you should have always been an employee the entire time, and so should every one of the other contractors that work for that company with a similar job function. It's a hornet's nest that the employer may not want to poke. But that's not your problem; what should you do about it? When you say """"he added my Federal and FICA W/H together"""", do you mean that total appears in box 4 of your 1099? If so, it sounds like the employer is expecting you to re-pay the employer portion of FICA. Can you ask them if they actually paid it? If they did, then I don't see them having a choice but to issue a W2, since the IRS would be expecting one. If they didn't pay your FICA, then the amount this will cost you is 7.65% of what would have been your W2 wages. IMHO it would be reasonable for you to request that they send you a check for that extra amount. Note: even though that amount will be less than $600 and you won't receive a 1099 in 2017 for it, legally you'll still have to pay tax on that amount so I think a good estimate would be to call it 10% instead. Depending on your personality and your relationship with the employer, if they choose not to """"make you whole"""", you could threaten to fill out form SS-8. Additional Info: (Thank you Bobson for bringing this up.) The situation you find yourself in is similar to the concept of """"Contract-to-Hire"""". You start off as a contractor, and later convert to an employee. In order to avoid issuing a 1099 and W2 to the same person in a single tax year, companies typically utilize one of the following strategies: Your particular situation is closest to situation 2, but the reverse. Instead of retroactively calling you a W2 employee the entire time, your employer is cheating and attempting to classify you as a 1099 contractor the entire time. This is frowned upon by the IRS, as well as the employee since as you discovered it costs you more money in the form of employer FICA. From your description it sounds like your employer was trying to do you a favor and didn't quite follow through with it. What they should have done was never switch you to W2 in the first place (if you really should have been a contractor), or they should have done the conversion properly without stringing you along.""",SUPPORTED,0.2878,4,
1198,What are the consequences of IRS “reclassification” on both employer and employee?,4,"Additionally, the employee may lose benefits associated with employee status and could be subject to an audit or additional tax liability if the employer’s reclassification was improper.",1,"""You are confusing entirely unrelated things. First the """"profit distribution"""" issue with Bob's S-Corp which is in fact tax evasion and will probably trigger a very nasty audit. Generally, if you're the sole employee of your own S-Corp, and the whole S-Corp income is from your own personal services, as defined by the IRS - there's no profit there. All the net income from such a S-Corp is subject to SE tax, either through payroll or through your K-1. Claiming anything else would be lying and IRS is notorious for going after people doing that. Second - the reclassification issue. The reason employers classify employees as contractors is to avoid payroll taxes (which the IRS gets through Bob's S-Corp, so it doesn't care) and providing benefits (that is Bob's problem, not the IRS). So in the scenario above, the IRS wouldn't care whose employee Bob is since Bob's S-Corp would have to pay all the same payroll taxes. The reclassification is an issue when employees are abused. See examples of Fedex drivers, where they're classified as contractors and are not getting any benefits, spend their own money on the truck and maintenance, etc. The employees are the ones who sued for reclassification, but in this case the IRS would be interested as well since a huge chunk of payroll taxes was not paid (driver's net is after car maintenance and payments, not before as it would be if he was salaried). So in your scenario reclassification is not as much a concern to Bob as his tax evasion scheme claiming earnings from performing personal services as """"profits from S-Corp"""". A precedent to look at, as I mentioned elsewhere, would be the Watson v Commissioner case.""",SUPPORTED,0.3431,1,
1391,How is taxation for youtube/twitch etc monetization handled in the UK?,1,Income from YouTube or Twitch is treated as earnings and is only taxable if it exceeds the costs of producing the content.,5,"Unless your video does very well, it's unlikely that your income from it will exceed your expenses incurred in making it, such as the purchase prices of your computer and video camera and the cost of your broadband connection, so there shouldn't be any tax to pay.",REATTRIBUTED,0.0788,4,
1391,How is taxation for youtube/twitch etc monetization handled in the UK?,2,"Allowable expenses include items such as the purchase price of a computer, video camera, and the cost of broadband connection.",5,"Unless your video does very well, it's unlikely that your income from it will exceed your expenses incurred in making it, such as the purchase prices of your computer and video camera and the cost of your broadband connection, so there shouldn't be any tax to pay.",SUPPORTED,0.7583,5,
1391,How is taxation for youtube/twitch etc monetization handled in the UK?,3,"If the revenue from the videos does not surpass these expenses, no tax is due.",5,"Unless your video does very well, it's unlikely that your income from it will exceed your expenses incurred in making it, such as the purchase prices of your computer and video camera and the cost of your broadband connection, so there shouldn't be any tax to pay.",SUPPORTED,0.293,5,
1670,Investing in hemp producers in advance of possible legalization in Canada?,1,"Hemp is currently an easy crop to grow but yields lower value than major crops such as canola, oats, or soybeans, and acreage in Canada has been declining due to cost and weak demand.",1,"Hemp is already pretty easily grown by farmers here.  Canada had 50,000 acres of legal hemp in 2006, but it's been in decline the last 3 years due to the cost, lack of demand, and the high values of some other crops.  It's also difficult to harvest due to its size. It's possible that the demand for hemp products will increase, but given that many Asian countries (Russia, China and Korea, for example) never banned it in the first place, there's a pretty ready supply already in place.  In Canada, the big reason to grow it is as an alternative crop for use in rotation that has some commercial demand, but it's certainly not as valuable as crops like canola, oats or soy beans.",SUPPORTED,0.5031,1,
1670,Investing in hemp producers in advance of possible legalization in Canada?,2,"The primary motivation for Canadian farmers to plant hemp is crop rotation rather than high profitability, indicating limited immediate financial upside.",1,"Hemp is already pretty easily grown by farmers here.  Canada had 50,000 acres of legal hemp in 2006, but it's been in decline the last 3 years due to the cost, lack of demand, and the high values of some other crops.  It's also difficult to harvest due to its size. It's possible that the demand for hemp products will increase, but given that many Asian countries (Russia, China and Korea, for example) never banned it in the first place, there's a pretty ready supply already in place.  In Canada, the big reason to grow it is as an alternative crop for use in rotation that has some commercial demand, but it's certainly not as valuable as crops like canola, oats or soy beans.",SUPPORTED,0.3378,1,
1670,Investing in hemp producers in advance of possible legalization in Canada?,3,"While legalization of cannabis could change supply and demand dynamics, the impact on hemp distribution channels is uncertain and may not translate into strong investment returns.",2,"The legalization of Cannabis will drastically alter supply and demand of cannabis and hemp. The distribution channels that work well for hemp may or may not work well for cannabis and may or may not continue to work well once cannabis is widely available. Companies may have avoided sponsoring hemp products because of it's association with marijuana.   If Marijuana is made legal, that stigma may or may not go away, changing which companies are interested in distribution. I don't believe that legalizing cannabis will create a great investing opportunity into existing hemp producers.",SUPPORTED,0.5554,2,
1670,Investing in hemp producers in advance of possible legalization in Canada?,4,"Moreover, the author of the evidence does not believe that legalizing cannabis will create a great investing opportunity for existing hemp producers, suggesting caution for investors.",2,"The legalization of Cannabis will drastically alter supply and demand of cannabis and hemp. The distribution channels that work well for hemp may or may not work well for cannabis and may or may not continue to work well once cannabis is widely available. Companies may have avoided sponsoring hemp products because of it's association with marijuana.   If Marijuana is made legal, that stigma may or may not go away, changing which companies are interested in distribution. I don't believe that legalizing cannabis will create a great investing opportunity into existing hemp producers.",SUPPORTED,0.5568,2,
1812,splitting a joint mortgage - one owner in home,1,"Equity should be divided according to how much each person actually paid into the mortgage and related expenses, so the split reflects each party’s financial contribution.",2,"Is she entitled to more of the equity because she made more? No.  Equity should be determined by how much each paid.  But she is entitled to more of the equity if she paid more.  And that may be what she is saying.  That she contributed more to the household's finances than you did.   If you always paid the mortgage out of the joint account, you could presumably go back and look at the account to find out how much each of you contributed to it.  That would give you a reasonable split for the remainder of the equity after your initial investment.  If you both put your entire paychecks into the joint account every time, then it will be the same as the ratio of what you each made.  That would also make sense for splitting up whatever remains in that account.   While you're doing that, you may want to ask for more for your original $65,000.  By my calculation, if your mortgage was 3.5%, that $65,000 saved the household more than $12,000 in interest that became equity instead.  So you could reasonably bump your return on the initial investment up to $77,000 while making the concession on the rest of the equity.   This is just a suggestion for a framework for splitting the equity.  If you can agree on a split, it will almost certainly be easier than going to a mediator or court.",SUPPORTED,0.2665,2,
1812,splitting a joint mortgage - one owner in home,2,"A formal written partnership agreement prepared by a lawyer should spell out each partner’s ownership share, responsibilities, and an exit strategy to protect both parties.",3,"Definitely get a lawyer to write up all the details of the partnership in a formal agreement. If your ex does not want to do this, that is a bad sign. You both need to be clear about expectations and responsibilities in this partnership, and define an exit strategy in the case one of you wants out. This is the most fair to both parties. Generally, what is common is that property is split cleanly when the relationship ends. I would strongly recommend you both work towards a clean split with no joint property ownership. How this looks depends on your unique situation. To address your questions 2 and 3: You have two roles here - tenant and owner.  As a 50% owner, you are running a business with a partner.  That business will have assets (home), income, expenses, and profit. You basically need to run this partnership as a simple business.  All the rent income (your rent and the other tenant's) should go into a separate account. The mortgage and all other housing expenses are then paid from only this account. Any excess is then profit that may be split 50/50. All expenses should be agreed upon by both of you, either by contract or by direct communication. You should see a financial professional to make sure accounting and taxes are set up properly. Under this system, your ex could do work on the house and be paid from the business income. However, they are responsible to you to provide an estimate and scope of work, just like any other contractor. If you as a joint owner agree to his price, he then could be paid out of the business income. This reduces the business cash flow for the year accordingly. You can probably see how this can get very complicated very fast. There is really no right or wrong answer on what both of you decide is fair and best. For the sake of simplicity and the least chance of a disaster, the usual and recommended action is to cleanly split all property. Good Luck!",SUPPORTED,0.3941,3,
1812,splitting a joint mortgage - one owner in home,3,"If you cannot obtain a joint mortgage, the bank will hold only the borrower personally liable, and any side agreement giving the partner a claim to equity does not give them direct rights against the lender.",4,"Ultimately the bank will have first call on the house and you will be the only one on the hook directly to the bank if you don't make the mortgage payments. There's nothing you can do to avoid that if you can't get a joint mortgage. What you could do is make a side agreement that your girlfriend would be entitled to half the equity in the house, and would be required to make half the payments (via you). You could perhaps also add that she would be part responsible for helping you clear any arrears. But in the end it'd just be a deal between you and her. She wouldn't have any direct rights over the house and she wouldn't be at risk of the bank pursuing her if you don't pay the mortgage. You'd probably also need legal advice to make it watertight, but you could also not worry about that too much and just write it all down as formally as possible. It really depends if you're just trying to improve your feelings about the process or whether you really want something that you could both rely on in the event of a later split. I don't think getting married would make any make any real difference day-to-day. In law, with rare exceptions, the finances of spouses are independent from each other. However in the longer term, being married would mean your now-wife would have a stronger legal claim on half the equity in the house in the event of you splitting up.",SUPPORTED,0.2913,4,
1812,splitting a joint mortgage - one owner in home,4,"Using a joint account to track all mortgage payments allows you to reimburse each person’s initial contributions and then split any remaining proceeds 50‑50, or adjust the split based on who paid more toward the mortgage.",5,"I can't quite follow your question, so I'm proceeding under the following assumptions: - You paid £31,000 - Your partner paid £4,242 - You have at least one mortgage, which you both pay equally. If the relationship terminates, sell the property. You are reimbursed £31,000 and your partner is reimbursed £4,242. Any remaining proceeds from the sale are split 50-50. If the result is a net loss (i.e. you are underwater on your mortgage), you split the debt 50-50. If you are not both paying the same toward the mortgage, I'd split the profit or loss according to how much you each pay toward the mortgage. Of course, this is not the only possible way you can split things up. You can use pretty much any way you both think is fair. For example, maybe you should get more benefits from a profit because you contributed more up-front. The key thing, though, is that you must both agree in writing, in advance. This is reasonable; this is what I did, for example. Note that if the relationship ends, one or the other of you may wish to keep the property. I'd suggest including a clause in your written agreement simply disallowing this; specify criteria to force a sale. But I know lots of people are happy to allow this. They treat that situation as a forced sale from both people to one person. For example, if your partner chooses to stay in the house, he or she must buy the property from you at prevailing market rates.",SUPPORTED,0.4142,5,
1812,splitting a joint mortgage - one owner in home,5,"Finally, working with a financial professional to set up proper accounting and tax treatment will help you run the property ownership like a simple business and avoid complications later.",3,"Definitely get a lawyer to write up all the details of the partnership in a formal agreement. If your ex does not want to do this, that is a bad sign. You both need to be clear about expectations and responsibilities in this partnership, and define an exit strategy in the case one of you wants out. This is the most fair to both parties. Generally, what is common is that property is split cleanly when the relationship ends. I would strongly recommend you both work towards a clean split with no joint property ownership. How this looks depends on your unique situation. To address your questions 2 and 3: You have two roles here - tenant and owner.  As a 50% owner, you are running a business with a partner.  That business will have assets (home), income, expenses, and profit. You basically need to run this partnership as a simple business.  All the rent income (your rent and the other tenant's) should go into a separate account. The mortgage and all other housing expenses are then paid from only this account. Any excess is then profit that may be split 50/50. All expenses should be agreed upon by both of you, either by contract or by direct communication. You should see a financial professional to make sure accounting and taxes are set up properly. Under this system, your ex could do work on the house and be paid from the business income. However, they are responsible to you to provide an estimate and scope of work, just like any other contractor. If you as a joint owner agree to his price, he then could be paid out of the business income. This reduces the business cash flow for the year accordingly. You can probably see how this can get very complicated very fast. There is really no right or wrong answer on what both of you decide is fair and best. For the sake of simplicity and the least chance of a disaster, the usual and recommended action is to cleanly split all property. Good Luck!",SUPPORTED,0.3281,3,
1815,Rules for SEP contributions in an LLC?,1,"An LLC, whether a sole‑proprietor, partnership, corporation or LLC, is eligible to establish a SEP‑IRA.",1,"From Schwab -  What are the eligibility requirements for a business to establish a SEP-IRA? Almost any type of business is eligible to establish a SEP-IRA, from self-employed individuals to multi-person corporations (including sole proprietors, partnerships, S and C corporations, and limited liability companies [LLCs]), tax-exempt organizations, and government agencies. What are the contribution limits? You may contribute up to 25% of compensation (20% if you’re self-employed3) or $49,000 for 2011 and $50,000 for 2012, whichever is less. If we set the PC aside, you and the son have an LLC renting office space, this addresses the ability of the LLC to offer the retirement account.",SUPPORTED,0.6247,1,
1815,Rules for SEP contributions in an LLC?,2,"The SEP contribution may be up to 25 % of compensation, but for self‑employed LLC owners the limit is 20 % of compensation with an overall dollar cap (e.g., $49,000 in 2011 or $50,000 in 2012).",1,"From Schwab -  What are the eligibility requirements for a business to establish a SEP-IRA? Almost any type of business is eligible to establish a SEP-IRA, from self-employed individuals to multi-person corporations (including sole proprietors, partnerships, S and C corporations, and limited liability companies [LLCs]), tax-exempt organizations, and government agencies. What are the contribution limits? You may contribute up to 25% of compensation (20% if you’re self-employed3) or $49,000 for 2011 and $50,000 for 2012, whichever is less. If we set the PC aside, you and the son have an LLC renting office space, this addresses the ability of the LLC to offer the retirement account.",SUPPORTED,0.5436,1,
1815,Rules for SEP contributions in an LLC?,3,"When the LLC owner is self‑employed, the contribution is calculated on business income after subtracting half of the self‑employment tax, limited to 20 % of that income and subject to a maximum (e.g., $45,000 in earlier years).",4,"I think this article explains it pretty well: Contributions to a SEP are limited to   20% of your business  income (which is   business income minus half of your   self-employment tax), up to a maximum   of $45,000. With a solo 401(k), on the   other hand, you can contribute up to   $15,500 plus 20% of your business   income (defined the same way as   above), with a maximum contribution of   $45,000 in 2007. You can make an extra   $5,000 catch-up contribution if you're   50 or older",SUPPORTED,0.4662,4,
1815,Rules for SEP contributions in an LLC?,4,"SEP contributions count toward the aggregate defined‑contribution limit, which is the lesser of $53,000 (or the 2024 equivalent) or 100 % of the participant’s compensation, and must be added to contributions made to any other defined‑contribution plans the LLC maintains.",2,"You can contribute to both but the total contribution is capped: More than one plan. If you contribute to a defined   contribution plan (defined in chapter 4),   annual additions to an account are limited to the   lesser of $53,000 or 100% of the participant's   compensation. When you figure this limit, you   must add your contributions to all defined contribution   plans maintained by you. Because a   SEP is considered a defined contribution plan   for this limit, your contributions to a SEP must   be added to your contributions to other defined   contribution plans you maintain. Source: https://www.irs.gov/pub/irs-pdf/p560.pdf on page 6.",SUPPORTED,0.5767,2,
1815,Rules for SEP contributions in an LLC?,5,"You may maintain both a SEP‑IRA and other retirement plans, but you must have sufficient business income to fund the SEP contribution.",5,"Yes, you can have both.  You'll need business income to contribute to a SEP IRA though.",SUPPORTED,0.6311,5,
1832,Warren Buffett and Charles Munger advice for small investors?,1,"Warren Buffett and Charlie Munger stress that the only thing they read is financial statements, which is essential for a buy‑and‑hold approach suited to long‑term small investors.",2,"I agree with @STATMATT.  Financial statements are the only thing that Warren Buffett & Charlie Munger read. To answer your question though, really depends on what type of investor you are and what information are you trying to extract.   It is essential for the Buffett style (buy & hold).  But if you are a short term or technical investor then I don't see it being of much value.",SUPPORTED,0.6604,2,
1832,Warren Buffett and Charles Munger advice for small investors?,2,"They recommend that small investors keep the portfolio simple by placing about 10 % of cash in short‑term government bonds and the remaining 90 % in a very low‑cost S&P 500 index fund, such as Vanguard’s.",5,"""Warren Buffett: 'Investing Advice For You--And My Wife' (And Other Quotes Of The Week): What I advise here is essentially identical to certain instructions   I’ve laid out in my will. One bequest provides that cash will be   delivered to a trustee for my wife’s benefit…My advice to the trustee   could not be more simple: Put 10% of the cash in short-term government   bonds and 90% in a very low-cost S&P 500 index fund. (I suggest   Vanguard’s.) I believe the trust’s long-term results from this policy   will be superior to those attained by most investors… Similarly from Will Warren Buffett's investment advice work for you?: Specifically, Buffett wants the trustee of his estate to put 10   percent of his wife's cash inheritance in short-term government bonds   and 90 percent in a low-cost S&P index fund - and he tips his hat   specifically to Bogle's Vanguard in doing so. Says Buffett: """"I believe   the trust's long-term results from this policy will be superior to   those attained by most investors - whether pension funds, institutions   or individuals.""""""",SUPPORTED,0.4612,5,
1832,Warren Buffett and Charles Munger advice for small investors?,3,"Reading Buffett’s annual letters to shareholders is also advised, as it teaches how to think about businesses beyond financial modelling.",4,Read Warren Buffett's letters to his shareholders - they are such an interesting read and I guarantee you'll learn more than financial modelling - you will learn how to think about these businesses. Must be what 700-800 pages in total?,SUPPORTED,0.5242,4,
1832,Warren Buffett and Charles Munger advice for small investors?,4,"For further guidance, studying Buffett’s collected essays provides insight into how companies generate value and his overall investment philosophy, which is valuable for individual investors.",3,"""I tell you how I started as an investor: read the writings of probably the best investor of the history and become familiarized with it: Warren Buffett. I highly recommend """"The Essays of Warren Buffett"""", where he provides a wise insight on how a company generates value, and his investment philosophy. You won't regret it! And also, specially in finance, don't follow the advice from people that you don't know, like me.""",SUPPORTED,0.5367,3,
1915,Should I pay a company who failed to collect VAT from me over 6 months ago?,1,"VAT is charged by the seller only if they are VAT‑registered, and the buyer’s status does not affect whether VAT is collected.",1,"You only pay VAT if you buy from a VAT-registered company; if they are not registered, you don't pay. So, thinking about your supplier, if they are VAT-registered they will charge you VAT, if they are not they won't. The buyer's status makes no difference, the seller doesn't get involved in whether the buyer is able to reclaim or not (based on their VAT-registered status).",SUPPORTED,0.764,1,
1915,Should I pay a company who failed to collect VAT from me over 6 months ago?,2,"If the seller failed to include VAT on the invoice, the tax was never collected and there is no amount owed to the seller for that VAT.",4,"""You cannot """"claim back"""" VAT. What happens is that if you sell goods with VAT and charge customers VAT, you would have to send that VAT straight to HMRC, but if your business itself paid VAT, then you already paid VAT, so you have to send less.  As an example, if you send an invoice for £10,000 plus £2,000 VAT, and you paid yourself £500 VAT on business related expenses, then you need to send £2,000 - £500 = £1,500 to HMRC.  But if you don't send invoices including VAT, then you owe HMRC £0. Any VAT you paid on business related expenses is lost; HMRC won't pay you money.  BTW. Only VAT on business related expenses can be deducted. So if you want to be """"smart"""", register for VAT and get the VAT on your weekly shopping bill refunded, forget it.""",SUPPORTED,0.4174,4,
1915,Should I pay a company who failed to collect VAT from me over 6 months ago?,3,"VAT must be paid to the tax authority, not to the supplier, so you are not required to pay the company for VAT they did not charge.",5,"You are either VAT registered or you are not VAT registered.  If you are not VAT registered, then you are not allowed to charge customers VAT, and you cannot reclaim VAT that you are paying. You are however allowed to deduct the cost of goods including VAT from your expenses. So if you buy a computer for £1000 + £200 VAT, and you can deduct the computer as an expense to reduce your profits that you pay income tax for, then the expense is £1,200 and not just £1,000.  If you are VAT registered, then you MUST charge every customer 20% VAT. Business customers don't mind at all, but private customers will be happier if you don't charge VAT because your bills will be a lot lower. You take all the VAT that you received, then subtract all the VAT that you paid for business expenses and that you have invoices for, and send the remainder to HMRC four times a year. (The reason that businesses don't mind paying VAT is because they can in turn deduct the VAT they pay you from the VAT that they received and for every pound they give you, they give one pound less to HMRC). Note that when you have expenses that are deductible from your profits, you can now only deduct the cost excluding VAT. On the other hand, the VAT you receive doesn't count as income and doesn't lead to profits that you need to pay income tax for. It's your decision whether you want to be VAT registered or not, unless your revenue exceeds some limit (somewhere between £70,000 and £80,000 per year) where you must register for VAT.",SUPPORTED,0.4151,5,
1920,Clarification on student expenses - To file the tax for the next year,1,"If you have paid interest on qualified student loans, you can deduct up to $2,500 as an adjustment to income provided your MAGI is below $60,000 and you are not filing Married Filing Separately.",1,"""Yes, as long as you are not filing """"Married, Filing Separately,"""" you can deduct student loan interest expense as an adjustment to income. Since your MAGI is < $60k, you can deduct the lesser of $2,500 or the actual interest expense. http://www.irs.gov/taxtopics/tc456.html http://www.irs.gov/publications/p970/ch04.html You didn't mention how you might file your return. If you're filing jointly in future years, the MAGI threshold prior to any phaseout is raised to $125k (for CY 2013).""",SUPPORTED,0.4821,1,
1920,Clarification on student expenses - To file the tax for the next year,2,"To claim education credits for qualified tuition and related expenses, the expenses must be paid by you, your spouse, or a dependent; payments made directly to the school by a third party are treated as if you paid them, but you cannot claim expenses for someone else unless they qualify as your dependent.",4,"I'm guessing you're asking about the US. Please add a location tag to your question.  Unfortunately you cannot claim expenses paid for someone other than yourself or your dependents. In IRS publication 970, that deals with education credits, they give the following guidance: Expenses paid by others.   Someone other than you, your spouse, or   your dependent (such as a relative or former spouse) may make a   payment directly to an eligible educational institution to pay for an   eligible student's qualified education expenses. In this case, the   student is treated as receiving the payment from the other person and,   in turn, paying the institution. If you claim an exemption on your tax   return for the student, you are considered to have paid the expenses. Also, you should keep the gift tax in mind: your help to your friend is only exempt from gift tax if you pay the tuition directly (i.e.: you write the check to the school cashier, not to your friend). If you give the money to your friend, it is subject to gift tax (which you have to pay). In some cases, someone who is not family may in fact qualify to become your dependent. For that he must live with you (in the same household), and be supported by you and not have any significant income. If that's the case with you and your friend, you might be able to claim him as a dependent and get some significant tax benefits, including the education credits. Consult your tax adviser if its relevant to your situation.",SUPPORTED,0.512,4,
1920,Clarification on student expenses - To file the tax for the next year,3,"Even if you are not required to file based on income, filing a return can allow you to receive a refund of any withheld tax and to claim student tax credits that may result in a refund.",3,"""In the U.S., Form 1040 is known as the tax return.  This is the form that is filed annually to calculate your tax due for the year, and you either claim a refund if you have overpaid your taxes or send in a payment if you have underpaid.  The form is generally due on April 15 each year, but this year the due date is April 18, 2016. When it comes to filing your taxes, there are two questions you need to ask yourself: """"Am I required to file?"""" and """"Should I file?"""" Am I required to file? The 1040 instructions has a section called """"Do I have to file?"""" with several charts that determine if you are legally required to file.  It depends on your status and your gross income.  If you are single, under 65, and not a dependent on someone else's return, you are not required to file if your 2015 income was less than $10,300.  If you will be claimed as a dependent on someone else's return, however, you must file if your earned income (from work) was over $6300, or your unearned income (from investments) was over $1050, or your gross (total) income was more than the larger of either $1050 or your earned income + $350.  See the instructions for more details. Should I file? Even if you find that you are not required to file, it may be beneficial to you to file anyway.  There are two main reasons you might do this: If you have had income where tax has been taken out, you may have overpaid the tax.  Filing the tax return will allow you to get a refund of the amount that you overpaid. As a student, you may be eligible for student tax credits that can get you a refund even if you did not pay any tax during the year. How to file For low income tax payers, the IRS has a program called Free File that provides free filing software options.""",SUPPORTED,0.4222,3,
1920,Clarification on student expenses - To file the tax for the next year,4,"Be sure to file Form 1040 by the annual deadline (typically April 15, with extensions as announced) and consider using the IRS Free File program if your income is low.",3,"""In the U.S., Form 1040 is known as the tax return.  This is the form that is filed annually to calculate your tax due for the year, and you either claim a refund if you have overpaid your taxes or send in a payment if you have underpaid.  The form is generally due on April 15 each year, but this year the due date is April 18, 2016. When it comes to filing your taxes, there are two questions you need to ask yourself: """"Am I required to file?"""" and """"Should I file?"""" Am I required to file? The 1040 instructions has a section called """"Do I have to file?"""" with several charts that determine if you are legally required to file.  It depends on your status and your gross income.  If you are single, under 65, and not a dependent on someone else's return, you are not required to file if your 2015 income was less than $10,300.  If you will be claimed as a dependent on someone else's return, however, you must file if your earned income (from work) was over $6300, or your unearned income (from investments) was over $1050, or your gross (total) income was more than the larger of either $1050 or your earned income + $350.  See the instructions for more details. Should I file? Even if you find that you are not required to file, it may be beneficial to you to file anyway.  There are two main reasons you might do this: If you have had income where tax has been taken out, you may have overpaid the tax.  Filing the tax return will allow you to get a refund of the amount that you overpaid. As a student, you may be eligible for student tax credits that can get you a refund even if you did not pay any tax during the year. How to file For low income tax payers, the IRS has a program called Free File that provides free filing software options.""",SUPPORTED,0.381,3,
2108,Can I pay taxes using bill pay from my on-line checking account?,1,"Many banks’ online bill‑pay services let you send payments to any company or person, and will mail a paper check if the recipient cannot accept electronic funds.",1,"Many banks here have some kind of service that will do this for you. For example, Wells Fargo has 'Bill Pay On Line'. You can use this to make regular payments - for your rent or mortgage, car payment, utilities and so on. You can also go on line and pay any company or person. If they don't have the facilities to accept electronic payment, the bank will actually mail them a check.  See https://www.wellsfargo.com/online-banking/bill-pay/ and https://www.wellsfargo.com/wfonline/tour/olb/high_flash?deep_link=2 Bank of America has something similar, but this forum won't let me post more than two links.  Go to google and search the name of the bank with 'send payments' or 'pay on line'.",SUPPORTED,0.4425,1,
2108,Can I pay taxes using bill pay from my on-line checking account?,2,"Bill‑pay is typically funded from a checking account, which most banks support for these transactions.",2,"Most bank accounts offer automatic bill pay as well. They don't rely on support from the bill you're paying, I think they basically just mail a check with your account number on it",SUPPORTED,0.5121,2,
2108,Can I pay taxes using bill pay from my on-line checking account?,3,"Thus you can use the bill‑pay feature of your online checking account to pay taxes, as the tax authority can receive either an electronic transfer or a mailed check.",1,"Many banks here have some kind of service that will do this for you. For example, Wells Fargo has 'Bill Pay On Line'. You can use this to make regular payments - for your rent or mortgage, car payment, utilities and so on. You can also go on line and pay any company or person. If they don't have the facilities to accept electronic payment, the bank will actually mail them a check.  See https://www.wellsfargo.com/online-banking/bill-pay/ and https://www.wellsfargo.com/wfonline/tour/olb/high_flash?deep_link=2 Bank of America has something similar, but this forum won't let me post more than two links.  Go to google and search the name of the bank with 'send payments' or 'pay on line'.",SUPPORTED,0.2672,1,
