threshold,caught,flagged,precision,recall,f1,f0.5,accuracy,cohen_kappa
0.0001,0,2,0.0000,0.0000,0.0000,0.0000,0.8286,-0.0500
0.0001,0,2,0.0000,0.0000,0.0000,0.0000,0.8286,-0.0500
0.0002,0,2,0.0000,0.0000,0.0000,0.0000,0.8286,-0.0500
0.0002,0,2,0.0000,0.0000,0.0000,0.0000,0.8286,-0.0500
0.0003,0,2,0.0000,0.0000,0.0000,0.0000,0.8286,-0.0500
0.0003,0,2,0.0000,0.0000,0.0000,0.0000,0.8286,-0.0500
0.0004,0,2,0.0000,0.0000,0.0000,0.0000,0.8286,-0.0500
0.0005,0,2,0.0000,0.0000,0.0000,0.0000,0.8286,-0.0500
0.0006,0,3,0.0000,0.0000,0.0000,0.0000,0.8143,-0.0706
0.0008,0,4,0.0000,0.0000,0.0000,0.0000,0.8000,-0.0889
0.0010,0,4,0.0000,0.0000,0.0000,0.0000,0.8000,-0.0889
0.0013,0,5,0.0000,0.0000,0.0000,0.0000,0.7857,-0.1053
0.0016,0,6,0.0000,0.0000,0.0000,0.0000,0.7714,-0.1200
0.0020,1,8,0.1250,0.1000,0.1111,0.1190,0.7714,-0.0182
0.0025,2,12,0.1667,0.2000,0.1818,0.1724,0.7429,0.0308
0.0032,3,15,0.2000,0.3000,0.2400,0.2143,0.7286,0.0828
0.0040,4,18,0.2222,0.4000,0.2857,0.2439,0.7143,0.1250
0.0050,5,23,0.2174,0.5000,0.3030,0.2451,0.6714,0.1297
0.0063,6,27,0.2222,0.6000,0.3243,0.2542,0.6429,0.1463
0.0079,6,30,0.2000,0.6000,0.3000,0.2308,0.6000,0.1091
0.0100,6,31,0.1935,0.6000,0.2927,0.2239,0.5857,0.0978
0.0126,6,33,0.1818,0.6000,0.2791,0.2113,0.5571,0.0766
0.0158,6,35,0.1714,0.6000,0.2667,0.2000,0.5286,0.0571
0.0200,6,38,0.1579,0.6000,0.2500,0.1852,0.4857,0.0308
0.0251,6,41,0.1463,0.6000,0.2353,0.1724,0.4429,0.0073
0.0316,6,42,0.1429,0.6000,0.2308,0.1685,0.4286,-0.0000
0.0398,6,45,0.1333,0.6000,0.2182,0.1579,0.3857,-0.0203
0.0501,6,46,0.1304,0.6000,0.2143,0.1546,0.3714,-0.0267
0.0631,6,47,0.1277,0.6000,0.2105,0.1515,0.3571,-0.0328
0.0794,7,48,0.1458,0.7000,0.2414,0.1733,0.3714,0.0065
0.1000,7,48,0.1458,0.7000,0.2414,0.1733,0.3714,0.0065
0.1259,7,51,0.1373,0.7000,0.2295,0.1636,0.3286,-0.0123
0.1585,7,51,0.1373,0.7000,0.2295,0.1636,0.3286,-0.0123
0.1995,7,52,0.1346,0.7000,0.2258,0.1606,0.3143,-0.0182
0.2512,8,53,0.1509,0.8000,0.2540,0.1802,0.3286,0.0179
0.3162,8,53,0.1509,0.8000,0.2540,0.1802,0.3286,0.0179
0.3981,8,53,0.1509,0.8000,0.2540,0.1802,0.3286,0.0179
0.5000,9,55,0.1636,0.9000,0.2769,0.1957,0.3286,0.0464
0.5012,9,55,0.1636,0.9000,0.2769,0.1957,0.3286,0.0464
0.6310,9,56,0.1607,0.9000,0.2727,0.1923,0.3143,0.0400
0.7943,9,57,0.1579,0.9000,0.2687,0.1891,0.3000,0.0338
1.0000,10,70,0.1429,1.0000,0.2500,0.1724,0.1429,-0.0000
